{"cameraMode":{"drawMode":0,"name":"Shaded","section":"Shading Mode"},"sceneLighting":false,"audioPlay":false,"sceneViewState":{"m_AlwaysRefresh":false,"showFog":false,"showSkybox":false,"showFlares":false,"showImageEffects":false,"showParticleSystems":false,"showVisualEffectGraphs":true,"m_FxEnabled":true},"in2DMode":false,"pivot":{"x":-5.960464477539063e-8,"y":0.8889560699462891,"z":0.010344088077545166},"rotation":{"x":0.14526261389255525,"y":-0.020780332386493684,"z":0.003047684207558632,"w":0.9891685843467712},"size":1.0505415201187134,"orthographic":false}