{"cameraMode":{"drawMode":0,"name":"Shaded","section":"Shading Mode"},"sceneLighting":true,"audioPlay":false,"sceneViewState":{"m_AlwaysRefresh":false,"showFog":true,"showSkybox":true,"showFlares":true,"showImageEffects":true,"showParticleSystems":true,"showVisualEffectGraphs":true,"m_FxEnabled":true},"in2DMode":false,"pivot":{"x":4.876530170440674,"y":-22.993099212646486,"z":34.95985794067383},"rotation":{"x":-0.25687098503112795,"y":0.012177041731774807,"z":-0.003228172892704606,"w":-0.9663272500038147},"size":46.94398498535156,"orthographic":false}