{"cameraMode":{"drawMode":0,"name":"Shaded","section":"Shading Mode"},"sceneLighting":true,"audioPlay":false,"sceneViewState":{"m_AlwaysRefresh":false,"showFog":true,"showSkybox":true,"showFlares":true,"showImageEffects":true,"showParticleSystems":true,"showVisualEffectGraphs":true,"m_FxEnabled":true},"in2DMode":false,"pivot":{"x":0.24937474727630616,"y":-11.64051628112793,"z":13.852518081665039},"rotation":{"x":0.3440229892730713,"y":-0.02254708670079708,"z":0.008236809633672238,"w":0.9386277198791504},"size":17.240827560424806,"orthographic":false}