{"cameraMode":{"drawMode":0,"name":"Shaded","section":"Shading Mode"},"sceneLighting":true,"audioPlay":false,"sceneViewState":{"m_AlwaysRefresh":false,"showFog":true,"showSkybox":true,"showFlares":true,"showImageEffects":true,"showParticleSystems":true,"showVisualEffectGraphs":true,"m_FxEnabled":true},"in2DMode":false,"pivot":{"x":86.64100646972656,"y":0.36241674423217776,"z":-66.05508422851563},"rotation":{"x":-0.002859487198293209,"y":-0.8906559944152832,"z":0.005628271494060755,"w":-0.45454931259155276},"size":42.29651641845703,"orthographic":false}